"138499P";"Bloco p/ anotacao"
"140117V";"Kit Manicure 6 pçs"
"140918";"Calculadora"
"141309T";"Kit pinceis"
"141742V";"Cantil 500 ml"
"141840";"Canivete Chaveiro"
"141872";"Lanterna"
"141892P";"Kit vinho"
"143106A";"Tampa pra garrafa"
"143118";"Porta copos quadrado"
"143196";"Kit manicure 12 pçs"
"140092A";
"140395";
"140901";
"140964";
"140964B";
"141019G";
"141200";
"141222";
"141232";
"141266";
"141312";
"141706";
"141733A";
"141734";
"141765";
"141810B";
"141813";
"141824";
"141864C";
"141868";
"141868C";
"141876C";
"143014R";
"143037";
"143040";
"143049";
"143070";
"143079";
"143083";
"143094A";
"143094T";
"143107G";
"143108";
"143132A";
"143135";
"143139V";
"143142";
"143142P";
"143143G";
"143145";
"143147A";
"143163P";
"143180";
"143183";
"143184";
"143185";
"143187A";
